{
  "fourier_fit_n_dims=10_n_harmonics=20_alpha=0.001": {
    "mean": [
      0.5484272241592407,
      0.6272399425506592,
      17.11578369140625,
      0.9069077968597412,
      0.7790988683700562,
      0.6895174384117126,
      0.7092694044113159,
      0.6621621251106262,
      0.613400399684906,
      0.7114059329032898,
      0.7136563062667847,
      0.7651114463806152,
      0.6342833638191223,
      0.713650643825531,
      0.6498958468437195,
      0.5829922556877136,
      0.6293850541114807,
      0.6232984662055969,
      0.6117652654647827,
      0.516359806060791,
      0.6127594709396362,
      0.6252488493919373,
      0.6584154963493347,
      0.662891149520874,
      0.6008480787277222,
      0.5027914643287659,
      0.699804425239563,
      0.7181174755096436,
      0.6473886966705322,
      0.6247426867485046,
      0.7157502174377441,
      0.6068368554115295,
      0.6241776943206787,
      0.6493927836418152,
      0.672953724861145,
      0.6243593692779541,
      0.6167923212051392,
      0.6053133606910706,
      0.6819012761116028,
      0.6740021109580994,
      0.7682542204856873
    ],
    "std": [
      0.5257466435432434,
      0.6107082366943359,
      32.008087158203125,
      1.1851388216018677,
      1.165942907333374,
      0.8307357430458069,
      0.9063408374786377,
      0.7383171916007996,
      0.7844486832618713,
      0.9795690774917603,
      0.8355438709259033,
      0.8966436982154846,
      0.7183977365493774,
      0.7721534371376038,
      0.7651976943016052,
      0.6714746356010437,
      0.7531862854957581,
      0.6999828219413757,
      0.7119342088699341,
      0.6060699224472046,
      0.6268410086631775,
      0.6627038717269897,
      0.69973224401474,
      0.7208561301231384,
      0.6126123666763306,
      0.5086380243301392,
      0.9734958410263062,
      0.7960237264633179,
      0.7394553422927856,
      0.6942444443702698,
      0.8138426542282104,
      0.6837594509124756,
      0.7442150115966797,
      0.8269854187965393,
      0.7796078324317932,
      0.7092376947402954,
      0.7415500283241272,
      0.7401677370071411,
      0.8241329789161682,
      0.8309072256088257,
      0.9994866251945496
    ],
    "bootstrap_low": [
      0.4729682207107544,
      0.5406815409660339,
      12.513980865478516,
      0.7341646552085876,
      0.6203237771987915,
      0.5724873542785645,
      0.5870994925498962,
      0.5573425889015198,
      0.5061618089675903,
      0.574695885181427,
      0.5865035057067871,
      0.6265556216239929,
      0.5361388921737671,
      0.6045615673065186,
      0.5423800945281982,
      0.49246087670326233,
      0.521715521812439,
      0.5225579738616943,
      0.5128502249717712,
      0.43093201518058777,
      0.5249269008636475,
      0.5337153077125549,
      0.5590084195137024,
      0.5556361675262451,
      0.5172667503356934,
      0.430909663438797,
      0.5726863145828247,
      0.5971311330795288,
      0.5377278327941895,
      0.5220508575439453,
      0.5986233949661255,
      0.5081996321678162,
      0.5214500427246094,
      0.530642032623291,
      0.55877685546875,
      0.5260958671569824,
      0.506237804889679,
      0.5021692514419556,
      0.5656924843788147,
      0.5572657585144043,
      0.6296370029449463
    ],
    "bootstrap_high": [
      0.6247782111167908,
      0.7188961505889893,
      21.71575164794922,
      1.0750013589859009,
      0.9579200148582458,
      0.8172110915184021,
      0.8440472483634949,
      0.7652446627616882,
      0.7296637892723083,
      0.8607724905014038,
      0.8380821347236633,
      0.8987972736358643,
      0.7462671399116516,
      0.8287987112998962,
      0.7660205960273743,
      0.6778527498245239,
      0.744468629360199,
      0.7331490516662598,
      0.7195377349853516,
      0.6042008996009827,
      0.7144558429718018,
      0.7277876734733582,
      0.7655547261238098,
      0.7774499654769897,
      0.6906196475028992,
      0.5813781023025513,
      0.8438838720321655,
      0.8354777693748474,
      0.7588865756988525,
      0.7240602970123291,
      0.836786687374115,
      0.7051894068717957,
      0.7447401285171509,
      0.7724876403808594,
      0.7942020297050476,
      0.7302877902984619,
      0.7291589975357056,
      0.7118719220161438,
      0.8033865690231323,
      0.804292619228363,
      0.9241076707839966
    ]
  }
}