{
  "standard": {
    "gpt2_embd=256_layer=12_head=8_untrained": {
      "mean": [
        1.0063371658325195,
        1.0112115144729614,
        0.996142566204071,
        0.9985800981521606,
        1.0453417301177979,
        0.9717168807983398,
        1.033944845199585,
        0.9934218525886536,
        0.9400591850280762,
        0.9700274467468262,
        0.9949358105659485,
        0.996311366558075,
        0.9528282880783081,
        0.9865320324897766,
        1.0295287370681763,
        1.0255974531173706,
        0.9931424260139465,
        0.9440093040466309,
        1.112963318824768,
        0.9929187893867493,
        1.0337005853652954,
        0.985824704170227,
        1.0151666402816772,
        1.0432870388031006,
        0.9974530339241028,
        0.9833459854125977,
        0.9413036108016968,
        1.0170643329620361,
        0.9918754696846008,
        1.0378557443618774,
        1.0176548957824707,
        1.039344072341919,
        1.023467779159546,
        1.0320627689361572,
        0.9846803545951843,
        1.0633925199508667,
        1.0478497743606567,
        1.0922162532806396,
        1.0085715055465698,
        0.9841741323471069,
        1.0006508827209473,
        0.9879085421562195,
        0.9767535328865051,
        1.0231939554214478,
        0.9947830438613892,
        1.022764801979065,
        1.0194408893585205,
        1.0230687856674194,
        0.9955288171768188,
        1.0075429677963257,
        1.0046014785766602,
        1.0264596939086914,
        0.9874127507209778,
        1.0944206714630127,
        1.0865968465805054,
        0.9938431978225708,
        1.0091873407363892,
        1.0520576238632202,
        0.9561545252799988,
        1.0582401752471924
      ],
      "std": [
        1.273369550704956,
        1.191275715827942,
        1.2139238119125366,
        1.2492457628250122,
        1.281175971031189,
        1.2232356071472168,
        1.2214585542678833,
        1.2096236944198608,
        1.1570883989334106,
        1.1720799207687378,
        1.2191131114959717,
        1.2445878982543945,
        1.1646367311477661,
        1.2386515140533447,
        1.2873955965042114,
        1.2681081295013428,
        1.256752371788025,
        1.1887273788452148,
        1.2961440086364746,
        1.234750747680664,
        1.2534393072128296,
        1.238725185394287,
        1.2554794549942017,
        1.2414140701293945,
        1.2243536710739136,
        1.232729196548462,
        1.2263619899749756,
        1.302351474761963,
        1.2584843635559082,
        1.3342794179916382,
        1.3053532838821411,
        1.3467308282852173,
        1.2276928424835205,
        1.2494431734085083,
        1.2222117185592651,
        1.3232479095458984,
        1.3103922605514526,
        1.3302240371704102,
        1.2206807136535645,
        1.224292278289795,
        1.2087740898132324,
        1.2267320156097412,
        1.2048945426940918,
        1.2651653289794922,
        1.2170255184173584,
        1.2702234983444214,
        1.2770469188690186,
        1.302943468093872,
        1.2384778261184692,
        1.2434097528457642,
        1.268059492111206,
        1.2804536819458008,
        1.2172499895095825,
        1.3277547359466553,
        1.3234935998916626,
        1.1988064050674438,
        1.2288264036178589,
        1.312544345855713,
        1.2344766855239868,
        1.327057957649231
      ],
      "bootstrap_low": [
        0.9468222856521606,
        0.959392249584198,
        0.9438379406929016,
        0.9378808736801147,
        0.9846436381340027,
        0.915168285369873,
        0.9777599573135376,
        0.9336593747138977,
        0.885073184967041,
        0.9147382974624634,
        0.9356669187545776,
        0.9401723146438599,
        0.8993088006973267,
        0.9283331036567688,
        0.9732571840286255,
        0.9693983197212219,
        0.9388568997383118,
        0.8887921571731567,
        1.0549113750457764,
        0.9355517625808716,
        0.9770976305007935,
        0.9309819936752319,
        0.9580437541007996,
        0.9868329763412476,
        0.9414919018745422,
        0.9233282208442688,
        0.8852677345275879,
        0.9600985646247864,
        0.9329465627670288,
        0.9798736572265625,
        0.9547551274299622,
        0.9757272005081177,
        0.9675756692886353,
        0.9720131158828735,
        0.9302645921707153,
        1.0034016370773315,
        0.9852685928344727,
        1.0362869501113892,
        0.9493805170059204,
        0.9222168922424316,
        0.9469982981681824,
        0.9308685064315796,
        0.9200081825256348,
        0.9644516110420227,
        0.9404395818710327,
        0.9663392305374146,
        0.9609964489936829,
        0.9622156023979187,
        0.9386543035507202,
        0.9528268575668335,
        0.9465640783309937,
        0.9687741994857788,
        0.9342199563980103,
        1.0305092334747314,
        1.0276416540145874,
        0.9422405362129211,
        0.9550714492797852,
        0.9937864542007446,
        0.8986900448799133,
        0.999791145324707
      ],
      "bootstrap_high": [
        1.0653389692306519,
        1.0642849206924438,
        1.0540647506713867,
        1.0601530075073242,
        1.1068779230117798,
        1.027997612953186,
        1.091854214668274,
        1.0473339557647705,
        0.9919096827507019,
        1.020047903060913,
        1.0519161224365234,
        1.0577598810195923,
        1.005539894104004,
        1.0452444553375244,
        1.094882845878601,
        1.088562250137329,
        1.0506341457366943,
        1.0040162801742554,
        1.174741506576538,
        1.0515021085739136,
        1.0914356708526611,
        1.0454187393188477,
        1.0750175714492798,
        1.105442762374878,
        1.0540809631347656,
        1.0422331094741821,
        0.9988335371017456,
        1.0816084146499634,
        1.0545018911361694,
        1.1058318614959717,
        1.0786336660385132,
        1.1028165817260742,
        1.0814443826675415,
        1.0893158912658691,
        1.0405694246292114,
        1.1267611980438232,
        1.104609727859497,
        1.150589942932129,
        1.0600481033325195,
        1.0402302742004395,
        1.0623376369476318,
        1.0446646213531494,
        1.0332183837890625,
        1.0809305906295776,
        1.0540950298309326,
        1.0849332809448242,
        1.0737107992172241,
        1.085684061050415,
        1.0538783073425293,
        1.0619615316390991,
        1.0666277408599854,
        1.0865360498428345,
        1.0415254831314087,
        1.1564562320709229,
        1.148067831993103,
        1.0499279499053955,
        1.0664880275726318,
        1.1126219034194946,
        1.0189287662506104,
        1.1168687343597412
      ]
    }
  }
}